Mr.Bricolage YZEURE - MOULINS;12;http://www.mr-bricolage.fr/monmagasin/lesmagasins/index/magasin_id/12/id_location/776760/retouraccueil/1
Mr.Bricolage NARBONNE;14;http://www.mr-bricolage.fr/monmagasin/lesmagasins/index/magasin_id/14/id_location/776663/retouraccueil/1
Mr.Bricolage USSEL;21;http://www.mr-bricolage.fr/monmagasin/lesmagasins/index/magasin_id/21/id_location/776750/retouraccueil/1

Mr.Bricolage SAINT JOUAN DES GUERETS;32;http://www.mr-bricolage.fr/monmagasin/lesmagasins/index/magasin_id/32/id_location/776713/retouraccueil/1
Mr.Bricolage COLMAR;67;http://www.mr-bricolage.fr/monmagasin/lesmagasins/index/magasin_id/67/id_location/776575/retouraccueil/1
Mr.Bricolage MIGENNES;93;http://www.mr-bricolage.fr/monmagasin/lesmagasins/index/magasin_id/93/id_location/776649/retouraccueil/1
Mr.Bricolage VILLEFRANCHE SUR SAONE;69;http://www.mr-bricolage.fr/monmagasin/lesmagasins/index/magasin_id/69/id_location/776754/retouraccueil/1
Mr.Bricolage CHATILLON SUR CHALARONNE;97;http://www.mr-bricolage.fr/monmagasin/lesmagasins/index/magasin_id/97/id_location/776572/retouraccueil/1
Mr.Bricolage GREASQUE;131;http://www.mr-bricolage.fr/monmagasin/lesmagasins/index/magasin_id/131/id_location/776601/retouraccueil/1
Mr.Bricolage CHATEAUBERNARD COGNAC;136;http://www.mr-bricolage.fr/monmagasin/lesmagasins/index/magasin_id/136/id_location/776569/retouraccueil/1

Mr.Bricolage PAIMPOL;163;http://www.mr-bricolage.fr/monmagasin/lesmagasins/index/magasin_id/163/id_location/776670/retouraccueil/1
Mr.Bricolage UZES;198;http://www.mr-bricolage.fr/monmagasin/lesmagasins/index/magasin_id/198/id_location/776751/retouraccueil/1
Mr.Bricolage FRONTON;208;http://www.mr-bricolage.fr/monmagasin/lesmagasins/index/magasin_id/208/id_location/776597/retouraccueil/1
Mr.Bricolage SAINT LAURENT DU PONT;245;http://www.mr-bricolage.fr/monmagasin/lesmagasins/index/magasin_id/245/id_location/776715/retouraccueil/1
Mr.Bricolage NORT SUR ERDRE;276;http://www.mr-bricolage.fr/monmagasin/lesmagasins/index/magasin_id/276/id_location/776666/retouraccueil/1
Mr.Bricolage REZE OCEANE - NANTES;277;http://www.mr-bricolage.fr/monmagasin/lesmagasins/index/magasin_id/277/id_location/776701/retouraccueil/1
Mr.Bricolage CHALONNES SUR LOIRE;290;http://www.mr-bricolage.fr/monmagasin/lesmagasins/index/magasin_id/290/id_location/776563/retouraccueil/1
Mr.Bricolage PLUVIGNER;299;http://www.mr-bricolage.fr/monmagasin/lesmagasins/index/magasin_id/299/id_location/776688/retouraccueil/1
 '313',
 Mr.Bricolage MARCONNE - HESDIN;324;http://www.mr-bricolage.fr/monmagasin/lesmagasins/index/magasin_id/324/id_location/776643/retouraccueil/1
 Mr.Bricolage ISSENHEIM;343;http://www.mr-bricolage.fr/monmagasin/lesmagasins/index/magasin_id/343/id_location/776610/retouraccueil/1
 Mr.Bricolage CRAPONNE - LYON;346;http://www.mr-bricolage.fr/monmagasin/lesmagasins/index/magasin_id/346/id_location/776582/retouraccueil/1
 '358',
 Mr.Bricolage PARIS 15 - CONVENTION;361;http://www.mr-bricolage.fr/monmagasin/lesmagasins/index/magasin_id/361/id_location/776675/retouraccueil/1
 Mr.Bricolage NANGIS;369;http://www.mr-bricolage.fr/monmagasin/lesmagasins/index/magasin_id/369/id_location/776662/retouraccueil/1
 Mr.Bricolage THOUARS;377;http://www.mr-bricolage.fr/monmagasin/lesmagasins/index/magasin_id/377/id_location/776741/retouraccueil/1
 Mr.Bricolage VINCENNES;419;http://www.mr-bricolage.fr/monmagasin/lesmagasins/index/magasin_id/419/id_location/776756/retouraccueil/1
 Mr.Bricolage LA FERTE SOUS JOUARRE;451;http://www.mr-bricolage.fr/monmagasin/lesmagasins/index/magasin_id/451/id_location/776614/retouraccueil/1
 Mr.Bricolage HETTANGE-GRANDE;457;http://www.mr-bricolage.fr/monmagasin/lesmagasins/index/magasin_id/457/id_location/776608/retouraccueil/1
