Mr.Bricolage ABBEVILLE;80;http://www.mr-bricolage.fr/monmagasin/lesmagasins/index/magasin_id/80/id_location/776509/retouraccueil/1
Mr.Bricolage AIGREFEUILLE SUR MAINE;266;http://www.mr-bricolage.fr/monmagasin/lesmagasins/index/magasin_id/266/id_location/776510/retouraccueil/1
Mr.Bricolage AIRE SUR LA LYS;323;http://www.mr-bricolage.fr/monmagasin/lesmagasins/index/magasin_id/323/id_location/776511/retouraccueil/1
Mr.Bricolage AJACCIO FORCONE;147;http://www.mr-bricolage.fr/monmagasin/lesmagasins/index/magasin_id/147/id_location/776512/retouraccueil/1
Mr.Bricolage AJACCIO VAZZIO;148;http://www.mr-bricolage.fr/monmagasin/lesmagasins/index/magasin_id/148/id_location/776513/retouraccueil/1
Mr.Bricolage ALBI;81;http://www.mr-bricolage.fr/monmagasin/lesmagasins/index/magasin_id/81/id_location/776514/retouraccueil/1
Mr.Bricolage ALES CROUPILLAC;192;http://www.mr-bricolage.fr/monmagasin/lesmagasins/index/magasin_id/192/id_location/776515/retouraccueil/1
Mr.Bricolage ALLONNE - BEAUVAIS;59;http://www.mr-bricolage.fr/monmagasin/lesmagasins/index/magasin_id/59/id_location/776516/retouraccueil/1
Mr.Bricolage AMBAZAC;407;http://www.mr-bricolage.fr/monmagasin/lesmagasins/index/magasin_id/407/id_location/776517/retouraccueil/1
Mr.Bricolage AMBERIEU EN BUGEY;7;http://www.mr-bricolage.fr/monmagasin/lesmagasins/index/magasin_id/7/id_location/776518/retouraccueil/1
Mr.Bricolage AMIENS;378;http://www.mr-bricolage.fr/monmagasin/lesmagasins/index/magasin_id/378/id_location/776519/retouraccueil/1
Mr.Bricolage ANET;25;http://www.mr-bricolage.fr/monmagasin/lesmagasins/index/magasin_id/25/id_location/776520/retouraccueil/1
Mr.Bricolage ANGERVILLE;472;http://www.mr-bricolage.fr/monmagasin/lesmagasins/index/magasin_id/472/id_location/776521/retouraccueil/1
Mr.Bricolage ANNOEULLIN;310;http://www.mr-bricolage.fr/monmagasin/lesmagasins/index/magasin_id/310/id_location/776522/retouraccueil/1
Mr.Bricolage APT;393;http://www.mr-bricolage.fr/monmagasin/lesmagasins/index/magasin_id/393/id_location/776523/retouraccueil/1
Mr.Bricolage ARC LES GRAY;347;http://www.mr-bricolage.fr/monmagasin/lesmagasins/index/magasin_id/347/id_location/776524/retouraccueil/1
Mr.Bricolage ARCONNAY - ALENCON;72;http://www.mr-bricolage.fr/monmagasin/lesmagasins/index/magasin_id/72/id_location/776525/retouraccueil/1
Mr.Bricolage ARGENTON SUR CREUSE;238;http://www.mr-bricolage.fr/monmagasin/lesmagasins/index/magasin_id/238/id_location/776526/retouraccueil/1
Mr.Bricolage ARLES;447;http://www.mr-bricolage.fr/monmagasin/lesmagasins/index/magasin_id/447/id_location/776527/retouraccueil/1
Mr.Bricolage ARMENTIERES;315;http://www.mr-bricolage.fr/monmagasin/lesmagasins/index/magasin_id/315/id_location/776528/retouraccueil/1
Mr.Bricolage AUCH;28;http://www.mr-bricolage.fr/monmagasin/lesmagasins/index/magasin_id/28/id_location/776529/retouraccueil/1
Mr.Bricolage AURILLAC;16;http://www.mr-bricolage.fr/monmagasin/lesmagasins/index/magasin_id/16/id_location/776530/retouraccueil/1
Mr.Bricolage AUTUN;70;http://www.mr-bricolage.fr/monmagasin/lesmagasins/index/magasin_id/70/id_location/776531/retouraccueil/1
Mr.Bricolage AUXERRE;91;http://www.mr-bricolage.fr/monmagasin/lesmagasins/index/magasin_id/91/id_location/776532/retouraccueil/1
Mr.Bricolage AVRANCHES;44;http://www.mr-bricolage.fr/monmagasin/lesmagasins/index/magasin_id/44/id_location/776533/retouraccueil/1
Mr.Bricolage BAIN DE BRETAGNE;236;http://www.mr-bricolage.fr/monmagasin/lesmagasins/index/magasin_id/236/id_location/776534/retouraccueil/1
Mr.Bricolage BALARUC LE VIEUX;31;http://www.mr-bricolage.fr/monmagasin/lesmagasins/index/magasin_id/31/id_location/776535/retouraccueil/1
Mr.Bricolage BARCELONNETTE;105;http://www.mr-bricolage.fr/monmagasin/lesmagasins/index/magasin_id/105/id_location/776536/retouraccueil/1
Mr.Bricolage BASSE GOULAINE - NANTES;265;http://www.mr-bricolage.fr/monmagasin/lesmagasins/index/magasin_id/265/id_location/776537/retouraccueil/1
Mr.Bricolage BAUGE;289;http://www.mr-bricolage.fr/monmagasin/lesmagasins/index/magasin_id/289/id_location/776538/retouraccueil/1
Mr.Bricolage BEAUCAIRE - TARASCON;196;http://www.mr-bricolage.fr/monmagasin/lesmagasins/index/magasin_id/196/id_location/776539/retouraccueil/1
Mr.Bricolage BEAUNE LA ROLANDE;39;http://www.mr-bricolage.fr/monmagasin/lesmagasins/index/magasin_id/39/id_location/776540/retouraccueil/1
Mr.Bricolage BEDEE;471;http://www.mr-bricolage.fr/monmagasin/lesmagasins/index/magasin_id/471/id_location/776541/retouraccueil/1
Mr.Bricolage BELZ;302;http://www.mr-bricolage.fr/monmagasin/lesmagasins/index/magasin_id/302/id_location/776542/retouraccueil/1
Mr.Bricolage BESSINES - NIORT;76;http://www.mr-bricolage.fr/monmagasin/lesmagasins/index/magasin_id/76/id_location/776543/retouraccueil/1
Mr.Bricolage BIDART - BIARRITZ;62;http://www.mr-bricolage.fr/monmagasin/lesmagasins/index/magasin_id/62/id_location/776544/retouraccueil/1
Mr.Bricolage BOLLWILLER;344;http://www.mr-bricolage.fr/monmagasin/lesmagasins/index/magasin_id/344/id_location/776546/retouraccueil/1
Mr.Bricolage BOURGUEIL;242;http://www.mr-bricolage.fr/monmagasin/lesmagasins/index/magasin_id/242/id_location/776547/retouraccueil/1
Mr.Bricolage BRAY SUR SEINE;370;http://www.mr-bricolage.fr/monmagasin/lesmagasins/index/magasin_id/370/id_location/776548/retouraccueil/1
Mr.Bricolage BRESSUIRE;78;http://www.mr-bricolage.fr/monmagasin/lesmagasins/index/magasin_id/78/id_location/776549/retouraccueil/1
Mr.Bricolage BRIGNOLES;82;http://www.mr-bricolage.fr/monmagasin/lesmagasins/index/magasin_id/82/id_location/776550/retouraccueil/1
Mr.Bricolage BRIOUDE;262;http://www.mr-bricolage.fr/monmagasin/lesmagasins/index/magasin_id/262/id_location/776551/retouraccueil/1
Mr.Bricolage BRIVE - MAZAUD;19;http://www.mr-bricolage.fr/monmagasin/lesmagasins/index/magasin_id/19/id_location/776552/retouraccueil/1
Mr.Bricolage BRIVE - MICHELET;20;http://www.mr-bricolage.fr/monmagasin/lesmagasins/index/magasin_id/20/id_location/776553/retouraccueil/1
Mr.Bricolage BRIVES CHARENSAC - LE-PUY-EN-VELAY;264;http://www.mr-bricolage.fr/monmagasin/lesmagasins/index/magasin_id/264/id_location/776554/retouraccueil/1
Mr.Bricolage BRUGUIERES;200;http://www.mr-bricolage.fr/monmagasin/lesmagasins/index/magasin_id/200/id_location/776555/retouraccueil/1
Mr.Bricolage CACHAN;416;http://www.mr-bricolage.fr/monmagasin/lesmagasins/index/magasin_id/416/id_location/776556/retouraccueil/1
Mr.Bricolage CANCALE;234;http://www.mr-bricolage.fr/monmagasin/lesmagasins/index/magasin_id/234/id_location/776557/retouraccueil/1
Mr.Bricolage CARHAIX PLOUGUER;27;http://www.mr-bricolage.fr/monmagasin/lesmagasins/index/magasin_id/27/id_location/776558/retouraccueil/1
Mr.Bricolage CARNAC - PLAGE;300;http://www.mr-bricolage.fr/monmagasin/lesmagasins/index/magasin_id/300/id_location/776559/retouraccueil/1
Mr.Bricolage CASTANET - TOULOUSE;204;http://www.mr-bricolage.fr/monmagasin/lesmagasins/index/magasin_id/204/id_location/776560/retouraccueil/1
Mr.Bricolage CERET;337;http://www.mr-bricolage.fr/monmagasin/lesmagasins/index/magasin_id/337/id_location/776561/retouraccueil/1
Mr.Bricolage CHAGNY;349;http://www.mr-bricolage.fr/monmagasin/lesmagasins/index/magasin_id/349/id_location/776562/retouraccueil/1
Mr.Bricolage CHALONNES SUR LOIRE;290;http://www.mr-bricolage.fr/monmagasin/lesmagasins/index/magasin_id/290/id_location/776563/retouraccueil/1
Mr.Bricolage CHAMBRY - LAON;8;http://www.mr-bricolage.fr/monmagasin/lesmagasins/index/magasin_id/8/id_location/776564/retouraccueil/1
Mr.Bricolage CHAMPNIERS - ANGOULEME;138;http://www.mr-bricolage.fr/monmagasin/lesmagasins/index/magasin_id/138/id_location/776565/retouraccueil/1
Mr.Bricolage CHANTONNAY;394;http://www.mr-bricolage.fr/monmagasin/lesmagasins/index/magasin_id/394/id_location/776566/retouraccueil/1
Mr.Bricolage CHARMEIL - VICHY;11;http://www.mr-bricolage.fr/monmagasin/lesmagasins/index/magasin_id/11/id_location/776567/retouraccueil/1
Mr.Bricolage CHATEAUBERNARD COGNAC;136;http://www.mr-bricolage.fr/monmagasin/lesmagasins/index/magasin_id/136/id_location/776569/retouraccueil/1
Mr.Bricolage CHATEAUBOURG;233;http://www.mr-bricolage.fr/monmagasin/lesmagasins/index/magasin_id/233/id_location/776570/retouraccueil/1
Mr.Bricolage CHATEAU DU LOIR;354;http://www.mr-bricolage.fr/monmagasin/lesmagasins/index/magasin_id/354/id_location/776568/retouraccueil/1
Mr.Bricolage CHATEAUNEUF SUR SARTHE;291;http://www.mr-bricolage.fr/monmagasin/lesmagasins/index/magasin_id/291/id_location/776571/retouraccueil/1
Mr.Bricolage CHATILLON SUR CHALARONNE;97;http://www.mr-bricolage.fr/monmagasin/lesmagasins/index/magasin_id/97/id_location/776572/retouraccueil/1
Mr.Bricolage CHAUMONT;49;http://www.mr-bricolage.fr/monmagasin/lesmagasins/index/magasin_id/49/id_location/776573/retouraccueil/1
Mr.Bricolage CHOLET;41;http://www.mr-bricolage.fr/monmagasin/lesmagasins/index/magasin_id/41/id_location/776574/retouraccueil/1
Mr.Bricolage COLMAR;67;http://www.mr-bricolage.fr/monmagasin/lesmagasins/index/magasin_id/67/id_location/776575/retouraccueil/1
Mr.Bricolage CONCARNEAU;191;http://www.mr-bricolage.fr/monmagasin/lesmagasins/index/magasin_id/191/id_location/776576/retouraccueil/1
Mr.Bricolage CONDE SUR SARTHE;61;http://www.mr-bricolage.fr/monmagasin/lesmagasins/index/magasin_id/61/id_location/776577/retouraccueil/1
Mr.Bricolage CONFLANS EN JARNISY;297;http://www.mr-bricolage.fr/monmagasin/lesmagasins/index/magasin_id/297/id_location/776578/retouraccueil/1
Mr.Bricolage CORTE;154;http://www.mr-bricolage.fr/monmagasin/lesmagasins/index/magasin_id/154/id_location/776579/retouraccueil/1
Mr.Bricolage COULOMMIERS;368;http://www.mr-bricolage.fr/monmagasin/lesmagasins/index/magasin_id/368/id_location/776580/retouraccueil/1
Mr.Bricolage COURSEULLES SUR MER;134;http://www.mr-bricolage.fr/monmagasin/lesmagasins/index/magasin_id/134/id_location/776581/retouraccueil/1
Mr.Bricolage CRAPONNE - LYON;346;http://www.mr-bricolage.fr/monmagasin/lesmagasins/index/magasin_id/346/id_location/776582/retouraccueil/1
Mr.Bricolage CRECY LA CHAPELLE;372;http://www.mr-bricolage.fr/monmagasin/lesmagasins/index/magasin_id/372/id_location/776583/retouraccueil/1
Mr.Bricolage CROLLES;251;http://www.mr-bricolage.fr/monmagasin/lesmagasins/index/magasin_id/251/id_location/776584/retouraccueil/1
Mr.Bricolage DAOULAS;185;http://www.mr-bricolage.fr/monmagasin/lesmagasins/index/magasin_id/185/id_location/776585/retouraccueil/1
Mr.Bricolage DAVEZIEUX;111;http://www.mr-bricolage.fr/monmagasin/lesmagasins/index/magasin_id/111/id_location/776586/retouraccueil/1
Mr.Bricolage DOLE;252;http://www.mr-bricolage.fr/monmagasin/lesmagasins/index/magasin_id/252/id_location/776587/retouraccueil/1
Mr.Bricolage DOMERAT - MONTLUCON;13;http://www.mr-bricolage.fr/monmagasin/lesmagasins/index/magasin_id/13/id_location/776588/retouraccueil/1
Mr.Bricolage DOURDAN;413;http://www.mr-bricolage.fr/monmagasin/lesmagasins/index/magasin_id/413/id_location/776589/retouraccueil/1
Mr.Bricolage DOUVRES LA DELIVRANDE;133;http://www.mr-bricolage.fr/monmagasin/lesmagasins/index/magasin_id/133/id_location/776590/retouraccueil/1
Mr.Bricolage DRAGUIGNAN;83;http://www.mr-bricolage.fr/monmagasin/lesmagasins/index/magasin_id/83/id_location/776591/retouraccueil/1
Mr.Bricolage ERSTEIN;339;http://www.mr-bricolage.fr/monmagasin/lesmagasins/index/magasin_id/339/id_location/776592/retouraccueil/1
Mr.Bricolage ESTANCARBON - SAINT-GAUDENS;209;http://www.mr-bricolage.fr/monmagasin/lesmagasins/index/magasin_id/209/id_location/776593/retouraccueil/1
Mr.Bricolage SAINT QUENTIN;9;http://www.mr-bricolage.fr/monmagasin/lesmagasins/index/magasin_id/9/id_location/776725/retouraccueil/1
Mr.Bricolage FLERS;60;http://www.mr-bricolage.fr/monmagasin/lesmagasins/index/magasin_id/60/id_location/776594/retouraccueil/1
Mr.Bricolage FOLELLI;94;http://www.mr-bricolage.fr/monmagasin/lesmagasins/index/magasin_id/94/id_location/776595/retouraccueil/1
Mr.Bricolage FONTENAY LE COMTE;397;http://www.mr-bricolage.fr/monmagasin/lesmagasins/index/magasin_id/397/id_location/776596/retouraccueil/1
Mr.Bricolage FRONTON;208;http://www.mr-bricolage.fr/monmagasin/lesmagasins/index/magasin_id/208/id_location/776597/retouraccueil/1
Mr.Bricolage GAILLAC;384;http://www.mr-bricolage.fr/monmagasin/lesmagasins/index/magasin_id/384/id_location/776598/retouraccueil/1
Mr.Bricolage GAP;106;http://www.mr-bricolage.fr/monmagasin/lesmagasins/index/magasin_id/106/id_location/776599/retouraccueil/1
Mr Bricolage GERARDMER;411;http://www.mr-bricolage.fr/monmagasin/lesmagasins/index/magasin_id/411/id_location/776975/retouraccueil/1
Mr.Bricolage GRANVILLE;45;http://www.mr-bricolage.fr/monmagasin/lesmagasins/index/magasin_id/45/id_location/776600/retouraccueil/1
Mr.Bricolage GREASQUE;131;http://www.mr-bricolage.fr/monmagasin/lesmagasins/index/magasin_id/131/id_location/776601/retouraccueil/1
Mr.Bricolage GRENADE;205;http://www.mr-bricolage.fr/monmagasin/lesmagasins/index/magasin_id/205/id_location/776602/retouraccueil/1
Mr.Bricolage GROIX;303;http://www.mr-bricolage.fr/monmagasin/lesmagasins/index/magasin_id/303/id_location/776603/retouraccueil/1
Mr.Bricolage GUERET;23;http://www.mr-bricolage.fr/monmagasin/lesmagasins/index/magasin_id/23/id_location/776604/retouraccueil/1
Mr.Bricolage HAGETMAU;469;http://www.mr-bricolage.fr/monmagasin/lesmagasins/index/magasin_id/469/id_location/776605/retouraccueil/1
Mr.Bricolage HARNES - LENS;328;http://www.mr-bricolage.fr/monmagasin/lesmagasins/index/magasin_id/328/id_location/776606/retouraccueil/1
Mr.Bricolage HETTANGE-GRANDE;457;http://www.mr-bricolage.fr/monmagasin/lesmagasins/index/magasin_id/457/id_location/776608/retouraccueil/1
Mr.Bricolage ISLE SUR SORGUE;86;http://www.mr-bricolage.fr/monmagasin/lesmagasins/index/magasin_id/86/id_location/776609/retouraccueil/1
Mr.Bricolage ISSENHEIM;343;http://www.mr-bricolage.fr/monmagasin/lesmagasins/index/magasin_id/343/id_location/776610/retouraccueil/1
Mr.Bricolage ISSOIRE;332;http://www.mr-bricolage.fr/monmagasin/lesmagasins/index/magasin_id/332/id_location/776611/retouraccueil/1
Mr.Bricolage LA CHAPELLE BASSE MER;278;http://www.mr-bricolage.fr/monmagasin/lesmagasins/index/magasin_id/278/id_location/776613/retouraccueil/1
Mr.Bricolage LA FERTE SOUS JOUARRE;451;http://www.mr-bricolage.fr/monmagasin/lesmagasins/index/magasin_id/451/id_location/776614/retouraccueil/1
Mr.Bricolage LAGNY LE SEC;320;http://www.mr-bricolage.fr/monmagasin/lesmagasins/index/magasin_id/320/id_location/776617/retouraccueil/1
Mr.Bricolage LANDIVISIAU;184;http://www.mr-bricolage.fr/monmagasin/lesmagasins/index/magasin_id/184/id_location/776618/retouraccueil/1
Mr.Bricolage LANESTER - LORIENT;304;http://www.mr-bricolage.fr/monmagasin/lesmagasins/index/magasin_id/304/id_location/776619/retouraccueil/1
Mr.Bricolage LANMEUR;189;http://www.mr-bricolage.fr/monmagasin/lesmagasins/index/magasin_id/189/id_location/776620/retouraccueil/1
Mr.Bricolage LANNION;160;http://www.mr-bricolage.fr/monmagasin/lesmagasins/index/magasin_id/160/id_location/776621/retouraccueil/1
Mr.Bricolage L'ARBRESLE;345;http://www.mr-bricolage.fr/monmagasin/lesmagasins/index/magasin_id/345/id_location/776612/retouraccueil/1
Mr.Bricolage LA ROCHE SUR YON;87;http://www.mr-bricolage.fr/monmagasin/lesmagasins/index/magasin_id/87/id_location/776615/retouraccueil/1
Mr.Bricolage LA TRANCHE SUR MER;400;http://www.mr-bricolage.fr/monmagasin/lesmagasins/index/magasin_id/400/id_location/776616/retouraccueil/1
Mr.Bricolage LAVAUR;383;http://www.mr-bricolage.fr/monmagasin/lesmagasins/index/magasin_id/383/id_location/776622/retouraccueil/1
Mr.Bricolage LE PRADET - TOULON;390;http://www.mr-bricolage.fr/monmagasin/lesmagasins/index/magasin_id/390/id_location/776623/retouraccueil/1
Mr.Bricolage LE QUESNOY;58;http://www.mr-bricolage.fr/monmagasin/lesmagasins/index/magasin_id/58/id_location/776624/retouraccueil/1
Mr.Bricolage LES HERBIERS;402;http://www.mr-bricolage.fr/monmagasin/lesmagasins/index/magasin_id/402/id_location/776625/retouraccueil/1
Mr.Bricolage LESPARRE;215;http://www.mr-bricolage.fr/monmagasin/lesmagasins/index/magasin_id/215/id_location/776626/retouraccueil/1
Mr.Bricolage NORT SUR ERDRE;276;http://www.mr-bricolage.fr/monmagasin/lesmagasins/index/magasin_id/276/id_location/776666/retouraccueil/1
Mr.Bricolage LIBOURNE;29;http://www.mr-bricolage.fr/monmagasin/lesmagasins/index/magasin_id/29/id_location/776627/retouraccueil/1
Mr.Bricolage LILLEBONNE;365;http://www.mr-bricolage.fr/monmagasin/lesmagasins/index/magasin_id/365/id_location/776628/retouraccueil/1
Mr.Bricolage LILLERS;325;http://www.mr-bricolage.fr/monmagasin/lesmagasins/index/magasin_id/325/id_location/776629/retouraccueil/1
Mr.Bricolage LIMOUX;119;http://www.mr-bricolage.fr/monmagasin/lesmagasins/index/magasin_id/119/id_location/776630/retouraccueil/1
Mr.Bricolage LONGWY;54;http://www.mr-bricolage.fr/monmagasin/lesmagasins/index/magasin_id/54/id_location/776632/retouraccueil/1
Mr.Bricolage LORIOL;172;http://www.mr-bricolage.fr/monmagasin/lesmagasins/index/magasin_id/172/id_location/776633/retouraccueil/1
Mr.Bricolage LORRIS;38;http://www.mr-bricolage.fr/monmagasin/lesmagasins/index/magasin_id/38/id_location/776634/retouraccueil/1
Mr.Bricolage LOUDEAC;22;http://www.mr-bricolage.fr/monmagasin/lesmagasins/index/magasin_id/22/id_location/776635/retouraccueil/1
Mr.Bricolage LOURDES;65;http://www.mr-bricolage.fr/monmagasin/lesmagasins/index/magasin_id/65/id_location/776636/retouraccueil/1
Mr.Bricolage LUCON;401;http://www.mr-bricolage.fr/monmagasin/lesmagasins/index/magasin_id/401/id_location/776637/retouraccueil/1
Mr.Bricolage LUNEL;30;http://www.mr-bricolage.fr/monmagasin/lesmagasins/index/magasin_id/30/id_location/776638/retouraccueil/1
Mr.Bricolage MAGALAS;226;http://www.mr-bricolage.fr/monmagasin/lesmagasins/index/magasin_id/226/id_location/776639/retouraccueil/1
Mr.Bricolage MAGNY EN VEXIN;422;http://www.mr-bricolage.fr/monmagasin/lesmagasins/index/magasin_id/422/id_location/776640/retouraccueil/1
Mr.Bricolage MANOSQUE;103;http://www.mr-bricolage.fr/monmagasin/lesmagasins/index/magasin_id/103/id_location/776641/retouraccueil/1
Mr.Bricolage MANTES LA JOLIE;374;http://www.mr-bricolage.fr/monmagasin/lesmagasins/index/magasin_id/374/id_location/776642/retouraccueil/1
Mr.Bricolage MARCONNE - HESDIN;324;http://www.mr-bricolage.fr/monmagasin/lesmagasins/index/magasin_id/324/id_location/776643/retouraccueil/1
Mr.Bricolage MASNY;312;http://www.mr-bricolage.fr/monmagasin/lesmagasins/index/magasin_id/312/id_location/776644/retouraccueil/1
Mr.Bricolage MATIGNON;164;http://www.mr-bricolage.fr/monmagasin/lesmagasins/index/magasin_id/164/id_location/776645/retouraccueil/1
Mr.Bricolage MAYET DE MONTAGNE;102;http://www.mr-bricolage.fr/monmagasin/lesmagasins/index/magasin_id/102/id_location/776646/retouraccueil/1
Mr.Bricolage MELLE;79;http://www.mr-bricolage.fr/monmagasin/lesmagasins/index/magasin_id/79/id_location/776647/retouraccueil/1
Mr.Bricolage MENDE;40;http://www.mr-bricolage.fr/monmagasin/lesmagasins/index/magasin_id/40/id_location/776648/retouraccueil/1
Mr.Bricolage MIGENNES;93;http://www.mr-bricolage.fr/monmagasin/lesmagasins/index/magasin_id/93/id_location/776649/retouraccueil/1
Mr.Bricolage MILLAU;121;http://www.mr-bricolage.fr/monmagasin/lesmagasins/index/magasin_id/121/id_location/776650/retouraccueil/1
Mr.Bricolage MONCEL LES LUNEVILLE - LUNEVILLE;53;http://www.mr-bricolage.fr/monmagasin/lesmagasins/index/magasin_id/53/id_location/776651/retouraccueil/1
Mr.Bricolage MONTBRISON;261;http://www.mr-bricolage.fr/monmagasin/lesmagasins/index/magasin_id/261/id_location/776652/retouraccueil/1
Mr.Bricolage MONTCUQ;287;http://www.mr-bricolage.fr/monmagasin/lesmagasins/index/magasin_id/287/id_location/776653/retouraccueil/1
Mr.Bricolage MONTELIMAR;171;http://www.mr-bricolage.fr/monmagasin/lesmagasins/index/magasin_id/171/id_location/776654/retouraccueil/1
Mr.Bricolage MONTEREAU;75;http://www.mr-bricolage.fr/monmagasin/lesmagasins/index/magasin_id/75/id_location/776655/retouraccueil/1
Mr.Bricolage MONTMORILLON;406;http://www.mr-bricolage.fr/monmagasin/lesmagasins/index/magasin_id/406/id_location/776656/retouraccueil/1
Mr.Bricolage MONTMOROT - LONS-LE-SAUNIER;255;http://www.mr-bricolage.fr/monmagasin/lesmagasins/index/magasin_id/255/id_location/776657/retouraccueil/1
Mr.Bricolage MORLAIX;188;http://www.mr-bricolage.fr/monmagasin/lesmagasins/index/magasin_id/188/id_location/776658/retouraccueil/1
Mr.Bricolage MORTEAU;168;http://www.mr-bricolage.fr/monmagasin/lesmagasins/index/magasin_id/168/id_location/776659/retouraccueil/1
Mr.Bricolage MOZAC;330;http://www.mr-bricolage.fr/monmagasin/lesmagasins/index/magasin_id/330/id_location/776660/retouraccueil/1
Mr.Bricolage MUZILLAC;462;http://www.mr-bricolage.fr/monmagasin/lesmagasins/index/magasin_id/462/id_location/776661/retouraccueil/1
Mr.Bricolage NANGIS;369;http://www.mr-bricolage.fr/monmagasin/lesmagasins/index/magasin_id/369/id_location/776662/retouraccueil/1
Mr.Bricolage NARBONNE;14;http://www.mr-bricolage.fr/monmagasin/lesmagasins/index/magasin_id/14/id_location/776663/retouraccueil/1
Mr.Bricolage NEUILLE PONT PIERRE;243;http://www.mr-bricolage.fr/monmagasin/lesmagasins/index/magasin_id/243/id_location/776664/retouraccueil/1
Mr.Bricolage NOGENT SUR SEINE;116;http://www.mr-bricolage.fr/monmagasin/lesmagasins/index/magasin_id/116/id_location/776665/retouraccueil/1
Mr.Bricolage OBERNAI;461;http://www.mr-bricolage.fr/monmagasin/lesmagasins/index/magasin_id/461/id_location/776667/retouraccueil/1
Mr.Bricolage ORLEANS;459;http://www.mr-bricolage.fr/monmagasin/lesmagasins/index/magasin_id/459/id_location/776668/retouraccueil/1
Mr.Bricolage OYONNAX;95;http://www.mr-bricolage.fr/monmagasin/lesmagasins/index/magasin_id/95/id_location/776669/retouraccueil/1
Mr.Bricolage PAIMPOL;163;http://www.mr-bricolage.fr/monmagasin/lesmagasins/index/magasin_id/163/id_location/776670/retouraccueil/1
Mr.Bricolage PARAY LE MONIAL;350;http://www.mr-bricolage.fr/monmagasin/lesmagasins/index/magasin_id/350/id_location/776671/retouraccueil/1
Mr.Bricolage PARIGNÉ L'EVÊQUE;353;http://www.mr-bricolage.fr/monmagasin/lesmagasins/index/magasin_id/353/id_location/776672/retouraccueil/1
Mr.Bricolage PARIS 12 - REUILLY;73;http://www.mr-bricolage.fr/monmagasin/lesmagasins/index/magasin_id/73/id_location/776674/retouraccueil/1
Mr.Bricolage PARIS 15 - CONVENTION;361;http://www.mr-bricolage.fr/monmagasin/lesmagasins/index/magasin_id/361/id_location/776675/retouraccueil/1
Mr.Bricolage PARIS 15 - LECOURBE;362;http://www.mr-bricolage.fr/monmagasin/lesmagasins/index/magasin_id/362/id_location/776676/retouraccueil/1
Mr.Bricolage PARIS 20 - MENILMONTANT;364;http://www.mr-bricolage.fr/monmagasin/lesmagasins/index/magasin_id/364/id_location/776677/retouraccueil/1
Mr.Bricolage PARIS 11 - SAINT-MAUR;360;http://www.mr-bricolage.fr/monmagasin/lesmagasins/index/magasin_id/360/id_location/776673/retouraccueil/1
Mr.Bricolage PARTHENAY;77;http://www.mr-bricolage.fr/monmagasin/lesmagasins/index/magasin_id/77/id_location/776678/retouraccueil/1
Mr.Bricolage PERPIGNAN;466;http://www.mr-bricolage.fr/monmagasin/lesmagasins/index/magasin_id/466/id_location/776679/retouraccueil/1
Mr.Bricolage LOCHES;33;http://www.mr-bricolage.fr/monmagasin/lesmagasins/index/magasin_id/33/id_location/776631/retouraccueil/1
Mr.Bricolage PERTUIS;392;http://www.mr-bricolage.fr/monmagasin/lesmagasins/index/magasin_id/392/id_location/776680/retouraccueil/1
Mr.Bricolage PEYRIAC MINERVOIS;118;http://www.mr-bricolage.fr/monmagasin/lesmagasins/index/magasin_id/118/id_location/776681/retouraccueil/1
Mr.Bricolage PIERRELATTE;173;http://www.mr-bricolage.fr/monmagasin/lesmagasins/index/magasin_id/173/id_location/776682/retouraccueil/1
Mr.Bricolage PIERRY - EPERNAY;2;http://www.mr-bricolage.fr/monmagasin/lesmagasins/index/magasin_id/2/id_location/776683/retouraccueil/1
Mr.Bricolage PLANCOET;158;http://www.mr-bricolage.fr/monmagasin/lesmagasins/index/magasin_id/158/id_location/776684/retouraccueil/1
Mr.Bricolage PLENEUF VAL ANDRE;161;http://www.mr-bricolage.fr/monmagasin/lesmagasins/index/magasin_id/161/id_location/776685/retouraccueil/1
Mr.Bricolage PONT LABBE;458;http://www.mr-bricolage.fr/monmagasin/lesmagasins/index/magasin_id/458/id_location/776690/retouraccueil/1
Mr.Bricolage PLOUGUERNEAU;467;http://www.mr-bricolage.fr/monmagasin/lesmagasins/index/magasin_id/467/id_location/776686/retouraccueil/1
Mr.Bricolage PLOUZANE;182;http://www.mr-bricolage.fr/monmagasin/lesmagasins/index/magasin_id/182/id_location/776687/retouraccueil/1
Mr.Bricolage PLUVIGNER;299;http://www.mr-bricolage.fr/monmagasin/lesmagasins/index/magasin_id/299/id_location/776688/retouraccueil/1
Mr.Bricolage POITIERS;404;http://www.mr-bricolage.fr/monmagasin/lesmagasins/index/magasin_id/404/id_location/776689/retouraccueil/1
Mr.Bricolage PONTARLIER;24;http://www.mr-bricolage.fr/monmagasin/lesmagasins/index/magasin_id/24/id_location/776692/retouraccueil/1
Mr.Bricolage PONTCHARRA;448;http://www.mr-bricolage.fr/monmagasin/lesmagasins/index/magasin_id/448/id_location/776693/retouraccueil/1
Mr.Bricolage PONTIVY;56;http://www.mr-bricolage.fr/monmagasin/lesmagasins/index/magasin_id/56/id_location/776694/retouraccueil/1
Mr.Bricolage PONT SAINT ESPRIT;195;http://www.mr-bricolage.fr/monmagasin/lesmagasins/index/magasin_id/195/id_location/776691/retouraccueil/1
Mr.Bricolage PORTBAIL;292;http://www.mr-bricolage.fr/monmagasin/lesmagasins/index/magasin_id/292/id_location/776695/retouraccueil/1
Mr.Bricolage PRIVAS;108;http://www.mr-bricolage.fr/monmagasin/lesmagasins/index/magasin_id/108/id_location/776696/retouraccueil/1
Mr.Bricolage QUERQUEVILLE - CHERBOURG;46;http://www.mr-bricolage.fr/monmagasin/lesmagasins/index/magasin_id/46/id_location/776697/retouraccueil/1
Mr.Bricolage QUETTEHOU;293;http://www.mr-bricolage.fr/monmagasin/lesmagasins/index/magasin_id/293/id_location/776698/retouraccueil/1
Mr.Bricolage QUIBERON;298;http://www.mr-bricolage.fr/monmagasin/lesmagasins/index/magasin_id/298/id_location/776699/retouraccueil/1
Mr.Bricolage QUILLAN;120;http://www.mr-bricolage.fr/monmagasin/lesmagasins/index/magasin_id/120/id_location/776700/retouraccueil/1
Mr.Bricolage REZE OCEANE - NANTES;277;http://www.mr-bricolage.fr/monmagasin/lesmagasins/index/magasin_id/277/id_location/776701/retouraccueil/1
Mr.Bricolage ROMORANTIN LANTHENAY;36;http://www.mr-bricolage.fr/monmagasin/lesmagasins/index/magasin_id/36/id_location/776702/retouraccueil/1
Mr.Bricolage ROYAN;140;http://www.mr-bricolage.fr/monmagasin/lesmagasins/index/magasin_id/140/id_location/776703/retouraccueil/1
Mr.Bricolage ROZAY EN BRIE;371;http://www.mr-bricolage.fr/monmagasin/lesmagasins/index/magasin_id/371/id_location/776704/retouraccueil/1
Mr.Bricolage RUFFEC;17;http://www.mr-bricolage.fr/monmagasin/lesmagasins/index/magasin_id/17/id_location/776705/retouraccueil/1
Mr.Bricolage SAGONE;149;http://www.mr-bricolage.fr/monmagasin/lesmagasins/index/magasin_id/149/id_location/776706/retouraccueil/1
Mr.Bricolage SAINT-AVOLD;57;http://www.mr-bricolage.fr/monmagasin/lesmagasins/index/magasin_id/57/id_location/776730/retouraccueil/1
Mr.Bricolage SAINT CLAUDE;253;http://www.mr-bricolage.fr/monmagasin/lesmagasins/index/magasin_id/253/id_location/776707/retouraccueil/1
Mr.Bricolage SAINT CLEMENT - SENS;92;http://www.mr-bricolage.fr/monmagasin/lesmagasins/index/magasin_id/92/id_location/776708/retouraccueil/1
Mr.Bricolage SAINT DIE DES VOSGES;90;http://www.mr-bricolage.fr/monmagasin/lesmagasins/index/magasin_id/90/id_location/776709/retouraccueil/1
Mr.Bricolage SAINT DIZIER;50;http://www.mr-bricolage.fr/monmagasin/lesmagasins/index/magasin_id/50/id_location/776710/retouraccueil/1
Mr.Bricolage SAINTES;139;http://www.mr-bricolage.fr/monmagasin/lesmagasins/index/magasin_id/139/id_location/776731/retouraccueil/1
Mr.Bricolage BLOIS;37;http://www.mr-bricolage.fr/monmagasin/lesmagasins/index/magasin_id/37/id_location/776545/retouraccueil/1
Mr.Bricolage SAINT GILLES CROIX DE VIE;403;http://www.mr-bricolage.fr/monmagasin/lesmagasins/index/magasin_id/403/id_location/776711/retouraccueil/1
Mr.Bricolage SAINT JEAN DE MONTS;396;http://www.mr-bricolage.fr/monmagasin/lesmagasins/index/magasin_id/396/id_location/776712/retouraccueil/1
Mr.Bricolage SAINT JOUAN DES GUERETS;32;http://www.mr-bricolage.fr/monmagasin/lesmagasins/index/magasin_id/32/id_location/776713/retouraccueil/1
Mr.Bricolage SAINT JUNIEN;88;http://www.mr-bricolage.fr/monmagasin/lesmagasins/index/magasin_id/88/id_location/776714/retouraccueil/1
Mr.Bricolage SAINT LAURENT DU PONT;245;http://www.mr-bricolage.fr/monmagasin/lesmagasins/index/magasin_id/245/id_location/776715/retouraccueil/1
Mr.Bricolage SAINT LIZIER - SAINT-GIRONS;114;http://www.mr-bricolage.fr/monmagasin/lesmagasins/index/magasin_id/114/id_location/776716/retouraccueil/1
Mr.Bricolage SAINT LO;43;http://www.mr-bricolage.fr/monmagasin/lesmagasins/index/magasin_id/43/id_location/776717/retouraccueil/1
Mr.Bricolage SAINT MARTIN LACAUSSADE - BLAYE;216;http://www.mr-bricolage.fr/monmagasin/lesmagasins/index/magasin_id/216/id_location/776718/retouraccueil/1
Mr.Bricolage SAINT MAXIMIN LA SAINTE BAUME;84;http://www.mr-bricolage.fr/monmagasin/lesmagasins/index/magasin_id/84/id_location/776719/retouraccueil/1
Mr.Bricolage SAINT MEEN LE GRAND;235;http://www.mr-bricolage.fr/monmagasin/lesmagasins/index/magasin_id/235/id_location/776720/retouraccueil/1
Mr.Bricolage SAINT PAUL LES DAX - DAX;35;http://www.mr-bricolage.fr/monmagasin/lesmagasins/index/magasin_id/35/id_location/776721/retouraccueil/1
Mr.Bricolage SAINT PHILBERT DE GRAND LIEU;273;http://www.mr-bricolage.fr/monmagasin/lesmagasins/index/magasin_id/273/id_location/776722/retouraccueil/1
Mr.Bricolage SAINT PIERRE D'OLERON;142;http://www.mr-bricolage.fr/monmagasin/lesmagasins/index/magasin_id/142/id_location/776723/retouraccueil/1
Mr.Bricolage SAINT PIERRE EN FAUCIGNY;359;http://www.mr-bricolage.fr/monmagasin/lesmagasins/index/magasin_id/359/id_location/776724/retouraccueil/1
Mr.Bricolage SAINT REMY DE PROVENCE;128;http://www.mr-bricolage.fr/monmagasin/lesmagasins/index/magasin_id/128/id_location/776726/retouraccueil/1
Mr.Bricolage SAINT RENAN;183;http://www.mr-bricolage.fr/monmagasin/lesmagasins/index/magasin_id/183/id_location/776727/retouraccueil/1
Mr.Bricolage SAINT ROMAIN DE COLBOSC;367;http://www.mr-bricolage.fr/monmagasin/lesmagasins/index/magasin_id/367/id_location/776728/retouraccueil/1
Mr.Bricolage SAINT YRIEIX LA PERCHE;89;http://www.mr-bricolage.fr/monmagasin/lesmagasins/index/magasin_id/89/id_location/776729/retouraccueil/1
Mr.Bricolage SARZEAU;463;http://www.mr-bricolage.fr/monmagasin/lesmagasins/index/magasin_id/463/id_location/776732/retouraccueil/1
Mr.Bricolage SETE;224;http://www.mr-bricolage.fr/monmagasin/lesmagasins/index/magasin_id/224/id_location/776733/retouraccueil/1
Mr.Bricolage SEZANNE;294;http://www.mr-bricolage.fr/monmagasin/lesmagasins/index/magasin_id/294/id_location/776734/retouraccueil/1
Mr.Bricolage SOISSONS;10;http://www.mr-bricolage.fr/monmagasin/lesmagasins/index/magasin_id/10/id_location/776735/retouraccueil/1
Mr.Bricolage STEENVOORDE;311;http://www.mr-bricolage.fr/monmagasin/lesmagasins/index/magasin_id/311/id_location/776736/retouraccueil/1
Mr.Bricolage STRASBOURG;338;http://www.mr-bricolage.fr/monmagasin/lesmagasins/index/magasin_id/338/id_location/776737/retouraccueil/1
Mr.Bricolage SURGERES;143;http://www.mr-bricolage.fr/monmagasin/lesmagasins/index/magasin_id/143/id_location/776738/retouraccueil/1
Mr.Bricolage TARBES - CENTRE VILLE;63;http://www.mr-bricolage.fr/monmagasin/lesmagasins/index/magasin_id/63/id_location/776739/retouraccueil/1
Mr.Bricolage TARBES - ROUTE DE PAU;64;http://www.mr-bricolage.fr/monmagasin/lesmagasins/index/magasin_id/64/id_location/776740/retouraccueil/1
Mr.Bricolage THOUARS;377;http://www.mr-bricolage.fr/monmagasin/lesmagasins/index/magasin_id/377/id_location/776741/retouraccueil/1
Mr.Bricolage THUIR;465;http://www.mr-bricolage.fr/monmagasin/lesmagasins/index/magasin_id/465/id_location/776742/retouraccueil/1
Mr.Bricolage TIGNIEU;244;http://www.mr-bricolage.fr/monmagasin/lesmagasins/index/magasin_id/244/id_location/776743/retouraccueil/1
Mr.Bricolage TOULON - ARISTIDE BRIAND;389;http://www.mr-bricolage.fr/monmagasin/lesmagasins/index/magasin_id/389/id_location/776744/retouraccueil/1
Mr.Bricolage TOUQUES;15;http://www.mr-bricolage.fr/monmagasin/lesmagasins/index/magasin_id/15/id_location/776745/retouraccueil/1
Mr.Bricolage TOURS;240;http://www.mr-bricolage.fr/monmagasin/lesmagasins/index/magasin_id/240/id_location/776746/retouraccueil/1
Mr.Bricolage TRANS EN PROVENCE;85;http://www.mr-bricolage.fr/monmagasin/lesmagasins/index/magasin_id/85/id_location/776747/retouraccueil/1
Mr.Bricolage TREGASTEL;165;http://www.mr-bricolage.fr/monmagasin/lesmagasins/index/magasin_id/165/id_location/776748/retouraccueil/1
Mr.Bricolage TULLE;18;http://www.mr-bricolage.fr/monmagasin/lesmagasins/index/magasin_id/18/id_location/776749/retouraccueil/1
Mr.Bricolage USSEL;21;http://www.mr-bricolage.fr/monmagasin/lesmagasins/index/magasin_id/21/id_location/776750/retouraccueil/1
Mr.Bricolage UZES;198;http://www.mr-bricolage.fr/monmagasin/lesmagasins/index/magasin_id/198/id_location/776751/retouraccueil/1
Mr.Bricolage VIENNE;34;http://www.mr-bricolage.fr/monmagasin/lesmagasins/index/magasin_id/34/id_location/776752/retouraccueil/1
Mr.Bricolage VILLEFRANCHE DE LAURAGAIS;203;http://www.mr-bricolage.fr/monmagasin/lesmagasins/index/magasin_id/203/id_location/776753/retouraccueil/1
Mr.Bricolage VILLEFRANCHE SUR SAONE;69;http://www.mr-bricolage.fr/monmagasin/lesmagasins/index/magasin_id/69/id_location/776754/retouraccueil/1
Mr.Bricolage VILLERS COTTERETS;100;http://www.mr-bricolage.fr/monmagasin/lesmagasins/index/magasin_id/100/id_location/776755/retouraccueil/1
Mr.Bricolage VINCENNES;419;http://www.mr-bricolage.fr/monmagasin/lesmagasins/index/magasin_id/419/id_location/776756/retouraccueil/1
Mr.Bricolage VOVES;179;http://www.mr-bricolage.fr/monmagasin/lesmagasins/index/magasin_id/179/id_location/776757/retouraccueil/1
Mr.Bricolage WISSEMBOURG;340;http://www.mr-bricolage.fr/monmagasin/lesmagasins/index/magasin_id/340/id_location/776758/retouraccueil/1
Mr.Bricolage YVETOT;366;http://www.mr-bricolage.fr/monmagasin/lesmagasins/index/magasin_id/366/id_location/776759/retouraccueil/1
Mr.Bricolage YZEURE - MOULINS;12;http://www.mr-bricolage.fr/monmagasin/lesmagasins/index/magasin_id/12/id_location/776760/retouraccueil/1
